"title","start_time","end_time","description","exercise_title","superset_id","exercise_notes","set_index","set_type","weight_kg","reps","distance_km","duration_seconds","rpe"
"Afternoon workout 💪","30 Aug 2026, 12:02","30 Aug 2026, 13:06","","Incline Bench Press (Dumbbell)",,"",0,"normal",20,9,,,
"Afternoon workout 💪","30 Aug 2026, 12:02","30 Aug 2026, 13:06","","Incline Bench Press (Dumbbell)",,"",1,"normal",20,8,,,
"Afternoon workout 💪","30 Aug 2026, 12:02","30 Aug 2026, 13:06","","Incline Bench Press (Dumbbell)",,"",2,"normal",20,8,,,
"Afternoon workout 💪","30 Aug 2026, 12:02","30 Aug 2026, 13:06","","Leg Press (Machine)",,"",0,"normal",120,10,,,
"Afternoon workout 💪","30 Aug 2026, 12:02","30 Aug 2026, 13:06","","Leg Press (Machine)",,"",1,"normal",120,10,,,
"Afternoon workout 💪","30 Aug 2026, 12:02","30 Aug 2026, 13:06","","Leg Press (Machine)",,"",2,"normal",120,10,,,
"Afternoon workout 💪","30 Aug 2026, 12:02","30 Aug 2026, 13:06","","Lat Pulldown (Cable)",,"",0,"normal",28.5,10,,,
"Afternoon workout 💪","30 Aug 2026, 12:02","30 Aug 2026, 13:06","","Lat Pulldown (Cable)",,"",1,"normal",28.5,9,,,
"Afternoon workout 💪","30 Aug 2026, 12:02","30 Aug 2026, 13:06","","Lat Pulldown (Cable)",,"",2,"normal",28.5,8,,,
"Afternoon workout 💪","30 Aug 2026, 12:02","30 Aug 2026, 13:06","","Lying Leg Curl (Machine)",,"",0,"normal",48.5,10,,,
"Afternoon workout 💪","30 Aug 2026, 12:02","30 Aug 2026, 13:06","","Lying Leg Curl (Machine)",,"",1,"normal",48.5,9,,,
"Afternoon workout 💪","30 Aug 2026, 12:02","30 Aug 2026, 13:06","","Lying Leg Curl (Machine)",,"",2,"normal",48.5,7,,,
"Afternoon workout 💪","30 Aug 2026, 12:02","30 Aug 2026, 13:06","","Overhead Triceps Extension (Cable)",,"",0,"normal",10,10,,,
"Afternoon workout 💪","30 Aug 2026, 12:02","30 Aug 2026, 13:06","","Overhead Triceps Extension (Cable)",,"",1,"normal",10,9,,,
"Afternoon workout 💪","30 Aug 2026, 12:02","30 Aug 2026, 13:06","","Overhead Triceps Extension (Cable)",,"",2,"normal",10,8,,,
"Afternoon workout 💪","30 Aug 2026, 12:02","30 Aug 2026, 13:06","","Shrug (Cable)",,"",0,"normal",31.5,12,,,
"Afternoon workout 💪","30 Aug 2026, 12:02","30 Aug 2026, 13:06","","Shrug (Cable)",,"",1,"normal",31.5,11,,,
"Afternoon workout 💪","30 Aug 2026, 12:02","30 Aug 2026, 13:06","","Shrug (Cable)",,"",2,"normal",31.5,10,,,
"Afternoon workout 💪","30 Aug 2026, 12:02","30 Aug 2026, 13:06","","Seated Incline Curl (Dumbbell)",,"",0,"normal",8,12,,,
"Afternoon workout 💪","30 Aug 2026, 12:02","30 Aug 2026, 13:06","","Seated Incline Curl (Dumbbell)",,"",1,"normal",8,11,,,
"Afternoon workout 💪","30 Aug 2026, 12:02","30 Aug 2026, 13:06","","Seated Incline Curl (Dumbbell)",,"",2,"normal",8,10,,,
"Evening workout 🏋️","19 Aug 2026, 18:52","19 Aug 2026, 19:42","","Incline Bench Press (Dumbbell)",,"",0,"normal",18,12,,,
"Evening workout 🏋️","19 Aug 2026, 18:52","19 Aug 2026, 19:42","","Incline Bench Press (Dumbbell)",,"",1,"normal",18,11,,,
"Evening workout 🏋️","19 Aug 2026, 18:52","19 Aug 2026, 19:42","","Incline Bench Press (Dumbbell)",,"",2,"normal",18,9,,,
"Evening workout 🏋️","19 Aug 2026, 18:52","19 Aug 2026, 19:42","","Lat Pulldown (Cable)",,"",0,"normal",28.5,12,,,
"Evening workout 🏋️","19 Aug 2026, 18:52","19 Aug 2026, 19:42","","Lat Pulldown (Cable)",,"",1,"normal",28.5,11,,,
"Evening workout 🏋️","19 Aug 2026, 18:52","19 Aug 2026, 19:42","","Lat Pulldown (Cable)",,"",2,"normal",28.5,7,,,
"Evening workout 🏋️","19 Aug 2026, 18:52","19 Aug 2026, 19:42","","Overhead Triceps Extension (Cable)",,"",0,"normal",10,10,,,
"Evening workout 🏋️","19 Aug 2026, 18:52","19 Aug 2026, 19:42","","Overhead Triceps Extension (Cable)",,"",1,"normal",10,8,,,
"Evening workout 🏋️","19 Aug 2026, 18:52","19 Aug 2026, 19:42","","Overhead Triceps Extension (Cable)",,"",2,"normal",10,7,,,
"Evening workout 🏋️","19 Aug 2026, 18:52","19 Aug 2026, 19:42","","Shrug (Cable)",,"",0,"normal",28,10,,,
"Evening workout 🏋️","19 Aug 2026, 18:52","19 Aug 2026, 19:42","","Shrug (Cable)",,"",1,"normal",28,10,,,
"Evening workout 🏋️","19 Aug 2026, 18:52","19 Aug 2026, 19:42","","Shrug (Cable)",,"",2,"normal",28,10,,,
"Evening workout 🏋️","19 Aug 2026, 18:52","19 Aug 2026, 19:42","","Lateral Raise (Cable)",,"",0,"normal",2.5,11,,,
"Evening workout 🏋️","19 Aug 2026, 18:52","19 Aug 2026, 19:42","","Lateral Raise (Cable)",,"",1,"normal",2.5,11,,,
"Evening workout 🏋️","19 Aug 2026, 18:52","19 Aug 2026, 19:42","","Lateral Raise (Cable)",,"",2,"normal",2.5,11,,,
"Evening workout 🏋️","19 Aug 2026, 18:52","19 Aug 2026, 19:42","","Chest Fly (Machine)",,"",0,"normal",55,10,,,
"Evening workout 🏋️","19 Aug 2026, 18:52","19 Aug 2026, 19:42","","Chest Fly (Machine)",,"",1,"normal",55,9,,,
"Evening workout 🏋️","19 Aug 2026, 18:52","19 Aug 2026, 19:42","","Chest Fly (Machine)",,"",2,"normal",55,6,,,
"Evening workout 🏋️","19 Aug 2026, 18:52","19 Aug 2026, 19:42","","Seated Incline Curl (Dumbbell)",,"",0,"normal",9,10,,,
"Evening workout 🏋️","19 Aug 2026, 18:52","19 Aug 2026, 19:42","","Seated Incline Curl (Dumbbell)",,"",1,"normal",9,9,,,
"Evening workout 🏋️","19 Aug 2026, 18:52","19 Aug 2026, 19:42","","Seated Incline Curl (Dumbbell)",,"",2,"normal",8,8,,,
"Evening workout 🏋️","17 Aug 2026, 18:28","17 Aug 2026, 19:05","","Chest Fly (Machine)",,"",0,"normal",55,11,,,
"Evening workout 🏋️","17 Aug 2026, 18:28","17 Aug 2026, 19:05","","Chest Fly (Machine)",,"",1,"normal",55,9,,,
"Evening workout 🏋️","17 Aug 2026, 18:28","17 Aug 2026, 19:05","","Chest Fly (Machine)",,"",2,"normal",55,8,,,
"Evening workout 🏋️","17 Aug 2026, 18:28","17 Aug 2026, 19:05","","Hip Abduction (Machine)",,"",0,"normal",71.25,16,,,
"Evening workout 🏋️","17 Aug 2026, 18:28","17 Aug 2026, 19:05","","Hip Abduction (Machine)",,"",1,"normal",71.25,16,,,
"Evening workout 🏋️","17 Aug 2026, 18:28","17 Aug 2026, 19:05","","Hip Abduction (Machine)",,"",2,"normal",71.25,16,,,
"Evening workout 🏋️","17 Aug 2026, 18:28","17 Aug 2026, 19:05","","Overhead Triceps Extension (Cable)",,"",0,"normal",10,9,,,
"Evening workout 🏋️","17 Aug 2026, 18:28","17 Aug 2026, 19:05","","Overhead Triceps Extension (Cable)",,"",1,"normal",10,8,,,
"Evening workout 🏋️","17 Aug 2026, 18:28","17 Aug 2026, 19:05","","Overhead Triceps Extension (Cable)",,"",2,"normal",10,7,,,
"Evening workout 🏋️","17 Aug 2026, 18:28","17 Aug 2026, 19:05","","Face Pull",,"",0,"normal",24,10,,,
"Evening workout 🏋️","17 Aug 2026, 18:28","17 Aug 2026, 19:05","","Face Pull",,"",1,"normal",24,9,,,
"Evening workout 🏋️","17 Aug 2026, 18:28","17 Aug 2026, 19:05","","Face Pull",,"",2,"normal",24,8,,,
"Evening workout 🏋️","17 Aug 2026, 18:28","17 Aug 2026, 19:05","","Lateral Raise (Cable)",,"Metal d ring",0,"normal",2.5,10,,,
"Evening workout 🏋️","17 Aug 2026, 18:28","17 Aug 2026, 19:05","","Lateral Raise (Cable)",,"Metal d ring",1,"normal",2.5,10,,,
"Evening workout 🏋️","17 Aug 2026, 18:28","17 Aug 2026, 19:05","","Lateral Raise (Cable)",,"Metal d ring",2,"normal",2.5,8,,,
"Evening workout 🏋️","17 Aug 2026, 18:28","17 Aug 2026, 19:05","","Bicep Curl (Cable)",,"",0,"normal",7.5,9,,,
"Evening workout 🏋️","17 Aug 2026, 18:28","17 Aug 2026, 19:05","","Bicep Curl (Cable)",,"",1,"normal",7.5,8,,,
"Evening workout 🏋️","17 Aug 2026, 18:28","17 Aug 2026, 19:05","","Bicep Curl (Cable)",,"",2,"normal",7.5,7,,,
"Evening workout 🏋️","17 Aug 2026, 18:28","17 Aug 2026, 19:05","","Iso-Lateral Chest Press (Machine)",,"",0,"normal",15,10,,,
"Evening workout 🏋️","17 Aug 2026, 18:28","17 Aug 2026, 19:05","","Iso-Lateral Chest Press (Machine)",,"",1,"normal",15,8,,,
"Morning workout ☀️","15 Aug 2026, 09:18","15 Aug 2026, 10:12","","Incline Bench Press (Dumbbell)",,"",0,"normal",18,11,,,
"Morning workout ☀️","15 Aug 2026, 09:18","15 Aug 2026, 10:12","","Incline Bench Press (Dumbbell)",,"",1,"normal",18,11,,,
"Morning workout ☀️","15 Aug 2026, 09:18","15 Aug 2026, 10:12","","Incline Bench Press (Dumbbell)",,"",2,"normal",18,10,,,
"Morning workout ☀️","15 Aug 2026, 09:18","15 Aug 2026, 10:12","","Lying Leg Curl (Machine)",,"",0,"normal",46,10,,,
"Morning workout ☀️","15 Aug 2026, 09:18","15 Aug 2026, 10:12","","Lying Leg Curl (Machine)",,"",1,"normal",46,9,,,
"Morning workout ☀️","15 Aug 2026, 09:18","15 Aug 2026, 10:12","","Lying Leg Curl (Machine)",,"",2,"normal",46,8,,,
"Morning workout ☀️","15 Aug 2026, 09:18","15 Aug 2026, 10:12","","Lat Pulldown (Cable)",,"",0,"normal",28.5,12,,,
"Morning workout ☀️","15 Aug 2026, 09:18","15 Aug 2026, 10:12","","Lat Pulldown (Cable)",,"",1,"normal",28.5,10,,,
"Morning workout ☀️","15 Aug 2026, 09:18","15 Aug 2026, 10:12","","Lat Pulldown (Cable)",,"",2,"normal",28.5,8,,,
"Morning workout ☀️","15 Aug 2026, 09:18","15 Aug 2026, 10:12","","Chest Fly (Machine)",,"",0,"normal",55,10,,,
"Morning workout ☀️","15 Aug 2026, 09:18","15 Aug 2026, 10:12","","Chest Fly (Machine)",,"",1,"normal",55,8,,,
"Morning workout ☀️","15 Aug 2026, 09:18","15 Aug 2026, 10:12","","Chest Fly (Machine)",,"",2,"normal",55,7,,,
"Morning workout ☀️","15 Aug 2026, 09:18","15 Aug 2026, 10:12","","Overhead Triceps Extension (Cable)",,"",0,"normal",10,10,,,
"Morning workout ☀️","15 Aug 2026, 09:18","15 Aug 2026, 10:12","","Overhead Triceps Extension (Cable)",,"",1,"normal",10,9,,,
"Morning workout ☀️","15 Aug 2026, 09:18","15 Aug 2026, 10:12","","Overhead Triceps Extension (Cable)",,"",2,"normal",10,8,,,
"Morning workout ☀️","15 Aug 2026, 09:18","15 Aug 2026, 10:12","","Bicep Curl (Cable)",,"",0,"normal",15,11,,,
"Morning workout ☀️","15 Aug 2026, 09:18","15 Aug 2026, 10:12","","Bicep Curl (Cable)",,"",1,"normal",15,10,,,
"Morning workout ☀️","15 Aug 2026, 09:18","15 Aug 2026, 10:12","","Bicep Curl (Cable)",,"",2,"normal",7.5,8,,,
"Evening workout 🏋️","12 Aug 2026, 18:34","12 Aug 2026, 19:27","","Incline Bench Press (Dumbbell)",,"",0,"normal",18,11,,,
"Evening workout 🏋️","12 Aug 2026, 18:34","12 Aug 2026, 19:27","","Incline Bench Press (Dumbbell)",,"",1,"normal",18,11,,,
"Evening workout 🏋️","12 Aug 2026, 18:34","12 Aug 2026, 19:27","","Incline Bench Press (Dumbbell)",,"",2,"normal",18,9,,,
"Evening workout 🏋️","12 Aug 2026, 18:34","12 Aug 2026, 19:27","","Leg Extension (Machine)",,"Slight knee pain last week and during exercise, so stopped",0,"normal",63.75,7,,,
"Evening workout 🏋️","12 Aug 2026, 18:34","12 Aug 2026, 19:27","","Leg Press (Machine)",,"",0,"normal",140,10,,,
"Evening workout 🏋️","12 Aug 2026, 18:34","12 Aug 2026, 19:27","","Leg Press (Machine)",,"",1,"normal",140,10,,,
"Evening workout 🏋️","12 Aug 2026, 18:34","12 Aug 2026, 19:27","","Leg Press (Machine)",,"",2,"normal",140,9,,,
"Evening workout 🏋️","12 Aug 2026, 18:34","12 Aug 2026, 19:27","","Iso-Lateral Row (Machine)",,"",0,"normal",40,10,,,
"Evening workout 🏋️","12 Aug 2026, 18:34","12 Aug 2026, 19:27","","Iso-Lateral Row (Machine)",,"",1,"normal",40,9,,,
"Evening workout 🏋️","12 Aug 2026, 18:34","12 Aug 2026, 19:27","","Iso-Lateral Row (Machine)",,"",2,"normal",40,9,,,
"Evening workout 🏋️","12 Aug 2026, 18:34","12 Aug 2026, 19:27","","Lateral Raise (Cable)",,"",0,"normal",2.5,15,,,
"Evening workout 🏋️","12 Aug 2026, 18:34","12 Aug 2026, 19:27","","Lateral Raise (Cable)",,"",1,"normal",2.5,13,,,
"Evening workout 🏋️","12 Aug 2026, 18:34","12 Aug 2026, 19:27","","Lateral Raise (Cable)",,"",2,"normal",2.5,9,,,
"Evening workout 🏋️","12 Aug 2026, 18:34","12 Aug 2026, 19:27","","Bicep Curl (Cable)",,"",0,"normal",7.5,11,,,
"Evening workout 🏋️","12 Aug 2026, 18:34","12 Aug 2026, 19:27","","Bicep Curl (Cable)",,"",1,"normal",7.5,9,,,
"Evening workout 🏋️","12 Aug 2026, 18:34","12 Aug 2026, 19:27","","Bicep Curl (Cable)",,"",2,"normal",7.5,8,,,
"Evening workout 🏋️","12 Aug 2026, 18:34","12 Aug 2026, 19:27","","Overhead Triceps Extension (Cable)",,"",0,"normal",10,11,,,
"Evening workout 🏋️","12 Aug 2026, 18:34","12 Aug 2026, 19:27","","Overhead Triceps Extension (Cable)",,"",1,"normal",10,7,,,
"Evening workout 🏋️","12 Aug 2026, 18:34","12 Aug 2026, 19:27","","Overhead Triceps Extension (Cable)",,"",2,"normal",10,6,,,
"Evening workout 🏋️","12 Aug 2026, 18:34","12 Aug 2026, 19:27","","Shrug (Cable)",,"",0,"normal",24.5,10,,,
"Evening workout 🏋️","12 Aug 2026, 18:34","12 Aug 2026, 19:27","","Shrug (Cable)",,"",1,"normal",24.5,10,,,
"Evening workout 🏋️","12 Aug 2026, 18:34","12 Aug 2026, 19:27","","Shrug (Cable)",,"",2,"normal",24.5,10,,,
"Afternoon workout 💪","3 Aug 2026, 18:11","3 Aug 2026, 18:52","","Incline Bench Press (Dumbbell)",,"",0,"normal",18,10,,,
"Afternoon workout 💪","3 Aug 2026, 18:11","3 Aug 2026, 18:52","","Incline Bench Press (Dumbbell)",,"",1,"normal",18,10,,,
"Afternoon workout 💪","3 Aug 2026, 18:11","3 Aug 2026, 18:52","","Incline Bench Press (Dumbbell)",,"",2,"normal",18,10,,,
"Afternoon workout 💪","3 Aug 2026, 18:11","3 Aug 2026, 18:52","","Leg Press (Machine)",,"",0,"normal",140,9,,,
"Afternoon workout 💪","3 Aug 2026, 18:11","3 Aug 2026, 18:52","","Leg Press (Machine)",,"",1,"normal",140,8,,,
"Afternoon workout 💪","3 Aug 2026, 18:11","3 Aug 2026, 18:52","","Leg Press (Machine)",,"",2,"normal",130,8,,,
"Afternoon workout 💪","3 Aug 2026, 18:11","3 Aug 2026, 18:52","","Chest Fly (Machine)",,"",0,"normal",57.5,9,,,
"Afternoon workout 💪","3 Aug 2026, 18:11","3 Aug 2026, 18:52","","Chest Fly (Machine)",,"",1,"normal",57.5,8,,,
"Afternoon workout 💪","3 Aug 2026, 18:11","3 Aug 2026, 18:52","","Chest Fly (Machine)",,"",2,"normal",55,7,,,
"Afternoon workout 💪","3 Aug 2026, 18:11","3 Aug 2026, 18:52","","Lateral Raise (Cable)",,"",0,"normal",2.5,15,,,
"Afternoon workout 💪","3 Aug 2026, 18:11","3 Aug 2026, 18:52","","Lateral Raise (Cable)",,"",1,"normal",2.5,12,,,
"Afternoon workout 💪","3 Aug 2026, 18:11","3 Aug 2026, 18:52","","Lateral Raise (Cable)",,"",2,"normal",2.5,9,,,
"Afternoon workout 💪","3 Aug 2026, 18:11","3 Aug 2026, 18:52","","Bicep Curl (Cable)",,"",0,"normal",7.5,10,,,
"Afternoon workout 💪","3 Aug 2026, 18:11","3 Aug 2026, 18:52","","Bicep Curl (Cable)",,"",1,"normal",7.5,9,,,
"Afternoon workout 💪","3 Aug 2026, 18:11","3 Aug 2026, 18:52","","Bicep Curl (Cable)",,"",2,"normal",7.5,8,,,
"Afternoon workout 💪","3 Aug 2026, 18:11","3 Aug 2026, 18:52","","Overhead Triceps Extension (Cable)",,"",0,"normal",10,11,,,
"Afternoon workout 💪","3 Aug 2026, 18:11","3 Aug 2026, 18:52","","Overhead Triceps Extension (Cable)",,"",1,"normal",10,7,,,
"Afternoon workout 💪","3 Aug 2026, 18:11","3 Aug 2026, 18:52","","Overhead Triceps Extension (Cable)",,"",2,"normal",10,6,,,
"Afternoon workout 💪","1 Aug 2026, 13:16","1 Aug 2026, 14:04","","Lat Pulldown (Cable)",,"Machine next to scale",0,"normal",28.5,12,,,
"Afternoon workout 💪","1 Aug 2026, 13:16","1 Aug 2026, 14:04","","Lat Pulldown (Cable)",,"Machine next to scale",1,"normal",28.5,9,,,
"Afternoon workout 💪","1 Aug 2026, 13:16","1 Aug 2026, 14:04","","Lat Pulldown (Cable)",,"Machine next to scale",2,"normal",28.5,8,,,
"Afternoon workout 💪","1 Aug 2026, 13:16","1 Aug 2026, 14:04","","Leg Press (Machine)",,"",0,"normal",130,10,,,
"Afternoon workout 💪","1 Aug 2026, 13:16","1 Aug 2026, 14:04","","Leg Press (Machine)",,"",1,"normal",130,9,,,
"Afternoon workout 💪","1 Aug 2026, 13:16","1 Aug 2026, 14:04","","Leg Press (Machine)",,"",2,"normal",130,9,,,
"Afternoon workout 💪","1 Aug 2026, 13:16","1 Aug 2026, 14:04","","Chest Fly (Machine)",,"",0,"normal",55,10,,,
"Afternoon workout 💪","1 Aug 2026, 13:16","1 Aug 2026, 14:04","","Chest Fly (Machine)",,"",1,"normal",55,9,,,
"Afternoon workout 💪","1 Aug 2026, 13:16","1 Aug 2026, 14:04","","Chest Fly (Machine)",,"",2,"normal",55,8,,,
"Afternoon workout 💪","1 Aug 2026, 13:16","1 Aug 2026, 14:04","","Face Pull",,"",0,"normal",21,12,,,
"Afternoon workout 💪","1 Aug 2026, 13:16","1 Aug 2026, 14:04","","Face Pull",,"",1,"normal",21,12,,,
"Afternoon workout 💪","1 Aug 2026, 13:16","1 Aug 2026, 14:04","","Face Pull",,"",2,"normal",21,12,,,
"Afternoon workout 💪","1 Aug 2026, 13:16","1 Aug 2026, 14:04","","Overhead Triceps Extension (Cable)",,"",0,"normal",10,10,,,
"Afternoon workout 💪","1 Aug 2026, 13:16","1 Aug 2026, 14:04","","Overhead Triceps Extension (Cable)",,"",1,"normal",10,9,,,
"Afternoon workout 💪","1 Aug 2026, 13:16","1 Aug 2026, 14:04","","Overhead Triceps Extension (Cable)",,"",2,"normal",10,7,,,
"Afternoon workout 💪","1 Aug 2026, 13:16","1 Aug 2026, 14:04","","Bicep Curl (Cable)",,"",0,"normal",15,10,,,
"Afternoon workout 💪","1 Aug 2026, 13:16","1 Aug 2026, 14:04","","Bicep Curl (Cable)",,"",1,"normal",15,9,,,
"Afternoon workout 💪","1 Aug 2026, 13:16","1 Aug 2026, 14:04","","Bicep Curl (Cable)",,"",2,"normal",15,8,,,
"Evening workout 🏋️","30 Jul 2026, 19:27","30 Jul 2026, 20:14","","Incline Bench Press (Dumbbell)",,"",0,"normal",18,10,,,
"Evening workout 🏋️","30 Jul 2026, 19:27","30 Jul 2026, 20:14","","Incline Bench Press (Dumbbell)",,"",1,"normal",18,9,,,
"Evening workout 🏋️","30 Jul 2026, 19:27","30 Jul 2026, 20:14","","Incline Bench Press (Dumbbell)",,"",2,"normal",18,9,,,
"Evening workout 🏋️","30 Jul 2026, 19:27","30 Jul 2026, 20:14","","Hip Abduction (Machine)",,"",0,"normal",71.25,18,,,
"Evening workout 🏋️","30 Jul 2026, 19:27","30 Jul 2026, 20:14","","Hip Abduction (Machine)",,"",1,"normal",71.25,18,,,
"Evening workout 🏋️","30 Jul 2026, 19:27","30 Jul 2026, 20:14","","Hip Abduction (Machine)",,"",2,"normal",71.25,16,,,
"Evening workout 🏋️","30 Jul 2026, 19:27","30 Jul 2026, 20:14","","Face Pull",,"",0,"normal",17.5,15,,,
"Evening workout 🏋️","30 Jul 2026, 19:27","30 Jul 2026, 20:14","","Face Pull",,"",1,"normal",21,15,,,
"Evening workout 🏋️","30 Jul 2026, 19:27","30 Jul 2026, 20:14","","Face Pull",,"",2,"normal",21,12,,,
"Evening workout 🏋️","30 Jul 2026, 19:27","30 Jul 2026, 20:14","","Overhead Triceps Extension (Cable)",,"",0,"normal",10,10,,,
"Evening workout 🏋️","30 Jul 2026, 19:27","30 Jul 2026, 20:14","","Overhead Triceps Extension (Cable)",,"",1,"normal",10,8,,,
"Evening workout 🏋️","30 Jul 2026, 19:27","30 Jul 2026, 20:14","","Overhead Triceps Extension (Cable)",,"",2,"normal",10,7,,,
"Evening workout 🏋️","30 Jul 2026, 19:27","30 Jul 2026, 20:14","","Lateral Raise (Cable)",,"",0,"normal",2.5,9,,,
"Evening workout 🏋️","30 Jul 2026, 19:27","30 Jul 2026, 20:14","","Lateral Raise (Cable)",,"",1,"normal",2.5,8,,,
"Evening workout 🏋️","30 Jul 2026, 19:27","30 Jul 2026, 20:14","","Lateral Raise (Cable)",,"",2,"normal",2.5,8,,,
"Evening workout 🏋️","30 Jul 2026, 19:27","30 Jul 2026, 20:14","","Bicep Curl (Cable)",,"",0,"normal",5,13,,,
"Evening workout 🏋️","30 Jul 2026, 19:27","30 Jul 2026, 20:14","","Bicep Curl (Cable)",,"",1,"normal",5,13,,,
"Evening workout 🏋️","30 Jul 2026, 19:27","30 Jul 2026, 20:14","","Bicep Curl (Cable)",,"",2,"normal",5,12,,,
"Evening workout 🏋️","30 Jul 2026, 19:27","30 Jul 2026, 20:14","","Leg Extension (Machine)",,"",0,"normal",63.75,10,,,
"Evening workout 🏋️","30 Jul 2026, 19:27","30 Jul 2026, 20:14","","Leg Extension (Machine)",,"",1,"normal",63.75,9,,,
"Evening workout 🏋️","30 Jul 2026, 19:27","30 Jul 2026, 20:14","","Leg Extension (Machine)",,"",2,"normal",63.75,9,,,
"Evening workout 🏋️","30 Jul 2026, 19:27","30 Jul 2026, 20:14","","Shrug (Cable)",,"",0,"normal",21,10,,,
"Evening workout 🏋️","30 Jul 2026, 19:27","30 Jul 2026, 20:14","","Shrug (Cable)",,"",1,"normal",24.5,10,,,
"Evening workout 🏋️","28 Jul 2026, 18:39","28 Jul 2026, 19:31","","Leg Press (Machine)",,"",0,"normal",120,10,,,
"Evening workout 🏋️","28 Jul 2026, 18:39","28 Jul 2026, 19:31","","Leg Press (Machine)",,"",1,"normal",120,10,,,
"Evening workout 🏋️","28 Jul 2026, 18:39","28 Jul 2026, 19:31","","Leg Press (Machine)",,"",2,"normal",120,9,,,
"Evening workout 🏋️","28 Jul 2026, 18:39","28 Jul 2026, 19:31","","Incline Bench Press (Dumbbell)",,"",0,"normal",18,10,,,
"Evening workout 🏋️","28 Jul 2026, 18:39","28 Jul 2026, 19:31","","Incline Bench Press (Dumbbell)",,"",1,"normal",18,9,,,
"Evening workout 🏋️","28 Jul 2026, 18:39","28 Jul 2026, 19:31","","Incline Bench Press (Dumbbell)",,"",2,"normal",18,9,,,
"Evening workout 🏋️","28 Jul 2026, 18:39","28 Jul 2026, 19:31","","Lying Leg Curl (Machine)",,"",0,"normal",46,9,,,
"Evening workout 🏋️","28 Jul 2026, 18:39","28 Jul 2026, 19:31","","Lying Leg Curl (Machine)",,"",1,"normal",46,8,,,
"Evening workout 🏋️","28 Jul 2026, 18:39","28 Jul 2026, 19:31","","Lying Leg Curl (Machine)",,"",2,"normal",9,6,,,
"Evening workout 🏋️","28 Jul 2026, 18:39","28 Jul 2026, 19:31","","Chest Fly (Machine)",,"",0,"normal",52.5,10,,,
"Evening workout 🏋️","28 Jul 2026, 18:39","28 Jul 2026, 19:31","","Chest Fly (Machine)",,"",1,"normal",52.5,10,,,
"Evening workout 🏋️","28 Jul 2026, 18:39","28 Jul 2026, 19:31","","Chest Fly (Machine)",,"",2,"normal",52.5,7,,,
"Evening workout 🏋️","28 Jul 2026, 18:39","28 Jul 2026, 19:31","","Back Extension (Weighted Hyperextension)",,"",0,"normal",,16,,,
"Evening workout 🏋️","28 Jul 2026, 18:39","28 Jul 2026, 19:31","","Back Extension (Weighted Hyperextension)",,"",1,"normal",,16,,,
"Evening workout 🏋️","28 Jul 2026, 18:39","28 Jul 2026, 19:31","","Overhead Triceps Extension (Cable)",,"",0,"normal",7.5,8,,,
"Evening workout 🏋️","28 Jul 2026, 18:39","28 Jul 2026, 19:31","","Overhead Triceps Extension (Cable)",,"",1,"normal",7.5,8,,,
"Evening workout 🏋️","28 Jul 2026, 18:39","28 Jul 2026, 19:31","","Overhead Triceps Extension (Cable)",,"",2,"normal",7.5,7,,,
"Morning workout ☀️","24 Jul 2026, 08:56","24 Jul 2026, 09:48","","Incline Bench Press (Dumbbell)",,"",0,"normal",18,10,,,
"Morning workout ☀️","24 Jul 2026, 08:56","24 Jul 2026, 09:48","","Incline Bench Press (Dumbbell)",,"",1,"normal",18,9,,,
"Morning workout ☀️","24 Jul 2026, 08:56","24 Jul 2026, 09:48","","Incline Bench Press (Dumbbell)",,"",2,"normal",18,7,,,
"Morning workout ☀️","24 Jul 2026, 08:56","24 Jul 2026, 09:48","","Leg Press (Machine)",,"",0,"normal",110,11,,,
"Morning workout ☀️","24 Jul 2026, 08:56","24 Jul 2026, 09:48","","Leg Press (Machine)",,"",1,"normal",110,10,,,
"Morning workout ☀️","24 Jul 2026, 08:56","24 Jul 2026, 09:48","","Leg Press (Machine)",,"",2,"normal",110,10,,,
"Morning workout ☀️","24 Jul 2026, 08:56","24 Jul 2026, 09:48","","Iso-Lateral Chest Press (Machine)",,"",0,"normal",15,12,,,
"Morning workout ☀️","24 Jul 2026, 08:56","24 Jul 2026, 09:48","","Iso-Lateral Chest Press (Machine)",,"",1,"normal",15,10,,,
"Morning workout ☀️","24 Jul 2026, 08:56","24 Jul 2026, 09:48","","Iso-Lateral Chest Press (Machine)",,"",2,"normal",15,7,,,
"Morning workout ☀️","24 Jul 2026, 08:56","24 Jul 2026, 09:48","","Lateral Raise (Cable)",,"",0,"normal",3.75,10,,,
"Morning workout ☀️","24 Jul 2026, 08:56","24 Jul 2026, 09:48","","Lateral Raise (Cable)",,"",1,"normal",3.75,6,,,
"Morning workout ☀️","24 Jul 2026, 08:56","24 Jul 2026, 09:48","","Lateral Raise (Cable)",,"",2,"normal",2.5,7,,,
"Morning workout ☀️","24 Jul 2026, 08:56","24 Jul 2026, 09:48","","Leg Extension (Machine)",,"",0,"normal",60,11,,,
"Morning workout ☀️","24 Jul 2026, 08:56","24 Jul 2026, 09:48","","Leg Extension (Machine)",,"",1,"normal",60,10,,,
"Morning workout ☀️","24 Jul 2026, 08:56","24 Jul 2026, 09:48","","Leg Extension (Machine)",,"",2,"normal",60,10,,,
"Morning workout ☀️","24 Jul 2026, 08:56","24 Jul 2026, 09:48","","Face Pull",,"",0,"normal",15,12,,,
"Morning workout ☀️","24 Jul 2026, 08:56","24 Jul 2026, 09:48","","Face Pull",,"",1,"normal",15,12,,,
"Morning workout ☀️","24 Jul 2026, 08:56","24 Jul 2026, 09:48","","Face Pull",,"",2,"normal",17.5,14,,,
"Morning workout ☀️","24 Jul 2026, 08:56","24 Jul 2026, 09:48","","Seated Dip Machine",,"",0,"normal",70,10,,,
"Morning workout ☀️","24 Jul 2026, 08:56","24 Jul 2026, 09:48","","Seated Dip Machine",,"",1,"normal",70,8,,,
"Morning workout ☀️","24 Jul 2026, 08:56","24 Jul 2026, 09:48","","Seated Dip Machine",,"",2,"normal",70,7,,,
"Evening workout 🏋️","22 Jul 2026, 18:36","22 Jul 2026, 19:36","","Lat Pulldown (Cable)",,"",0,"normal",28.5,11,,,
"Evening workout 🏋️","22 Jul 2026, 18:36","22 Jul 2026, 19:36","","Lat Pulldown (Cable)",,"",1,"normal",28.5,9,,,
"Evening workout 🏋️","22 Jul 2026, 18:36","22 Jul 2026, 19:36","","Lat Pulldown (Cable)",,"",2,"normal",28.5,7,,,
"Evening workout 🏋️","22 Jul 2026, 18:36","22 Jul 2026, 19:36","","Lying Leg Curl (Machine)",,"",0,"normal",41.5,12,,,
"Evening workout 🏋️","22 Jul 2026, 18:36","22 Jul 2026, 19:36","","Lying Leg Curl (Machine)",,"",1,"normal",41.5,11,,,
"Evening workout 🏋️","22 Jul 2026, 18:36","22 Jul 2026, 19:36","","Lying Leg Curl (Machine)",,"",2,"normal",41.5,10,,,
"Evening workout 🏋️","22 Jul 2026, 18:36","22 Jul 2026, 19:36","","Iso-Lateral Row (Machine)",,"",0,"normal",35,12,,,
"Evening workout 🏋️","22 Jul 2026, 18:36","22 Jul 2026, 19:36","","Iso-Lateral Row (Machine)",,"",1,"normal",35,12,,,
"Evening workout 🏋️","22 Jul 2026, 18:36","22 Jul 2026, 19:36","","Iso-Lateral Row (Machine)",,"",2,"normal",35,12,,,
"Evening workout 🏋️","22 Jul 2026, 18:36","22 Jul 2026, 19:36","","Seated Incline Curl (Dumbbell)",,"",0,"normal",9,8,,,
"Evening workout 🏋️","22 Jul 2026, 18:36","22 Jul 2026, 19:36","","Seated Incline Curl (Dumbbell)",,"",1,"normal",9,7,,,
"Evening workout 🏋️","22 Jul 2026, 18:36","22 Jul 2026, 19:36","","Seated Incline Curl (Dumbbell)",,"",2,"normal",8,6,,,
"Evening workout 🏋️","22 Jul 2026, 18:36","22 Jul 2026, 19:36","","Triceps Pushdown",,"",0,"normal",20,12,,,
"Evening workout 🏋️","22 Jul 2026, 18:36","22 Jul 2026, 19:36","","Triceps Pushdown",,"",1,"normal",20,12,,,
"Evening workout 🏋️","22 Jul 2026, 18:36","22 Jul 2026, 19:36","","Triceps Pushdown",,"",2,"normal",20,12,,,
"Evening workout 🏋️","22 Jul 2026, 18:36","22 Jul 2026, 19:36","","Hip Abduction (Machine)",,"",0,"normal",71.25,18,,,
"Evening workout 🏋️","22 Jul 2026, 18:36","22 Jul 2026, 19:36","","Hip Abduction (Machine)",,"",1,"normal",71.25,18,,,
"Evening workout 🏋️","22 Jul 2026, 18:36","22 Jul 2026, 19:36","","Hip Abduction (Machine)",,"",2,"normal",71.25,12,,,
"Late night workout 🌙","20 Jul 2026, 21:10","20 Jul 2026, 22:00","","Incline Bench Press (Dumbbell)",,"",0,"normal",18,10,,,
"Late night workout 🌙","20 Jul 2026, 21:10","20 Jul 2026, 22:00","","Incline Bench Press (Dumbbell)",,"",1,"normal",18,9,,,
"Late night workout 🌙","20 Jul 2026, 21:10","20 Jul 2026, 22:00","","Incline Bench Press (Dumbbell)",,"",2,"normal",18,7,,,
"Late night workout 🌙","20 Jul 2026, 21:10","20 Jul 2026, 22:00","","Leg Press (Machine)",,"",0,"normal",105,11,,,
"Late night workout 🌙","20 Jul 2026, 21:10","20 Jul 2026, 22:00","","Leg Press (Machine)",,"",1,"normal",105,10,,,
"Late night workout 🌙","20 Jul 2026, 21:10","20 Jul 2026, 22:00","","Leg Press (Machine)",,"",2,"normal",105,9,,,
"Late night workout 🌙","20 Jul 2026, 21:10","20 Jul 2026, 22:00","","Seated Dip Machine",,"",0,"normal",70,10,,,
"Late night workout 🌙","20 Jul 2026, 21:10","20 Jul 2026, 22:00","","Seated Dip Machine",,"",1,"normal",70,9,,,
"Late night workout 🌙","20 Jul 2026, 21:10","20 Jul 2026, 22:00","","Seated Dip Machine",,"",2,"normal",65,8,,,
"Late night workout 🌙","20 Jul 2026, 21:10","20 Jul 2026, 22:00","","Leg Extension (Machine)",,"",0,"normal",60,10,,,
"Late night workout 🌙","20 Jul 2026, 21:10","20 Jul 2026, 22:00","","Leg Extension (Machine)",,"",1,"normal",60,9,,,
"Late night workout 🌙","20 Jul 2026, 21:10","20 Jul 2026, 22:00","","Leg Extension (Machine)",,"",2,"normal",60,9,,,
"Late night workout 🌙","20 Jul 2026, 21:10","20 Jul 2026, 22:00","","Chest Fly (Machine)",,"",0,"normal",50,11,,,
"Late night workout 🌙","20 Jul 2026, 21:10","20 Jul 2026, 22:00","","Chest Fly (Machine)",,"",1,"normal",50,10,,,
"Late night workout 🌙","20 Jul 2026, 21:10","20 Jul 2026, 22:00","","Chest Fly (Machine)",,"",2,"normal",50,7,,,
"Late night workout 🌙","20 Jul 2026, 21:10","20 Jul 2026, 22:00","","Seated Incline Curl (Dumbbell)",,"",0,"normal",8,11,,,
"Late night workout 🌙","20 Jul 2026, 21:10","20 Jul 2026, 22:00","","Seated Incline Curl (Dumbbell)",,"",1,"normal",8,9,,,
"Late night workout 🌙","20 Jul 2026, 21:10","20 Jul 2026, 22:00","","Seated Incline Curl (Dumbbell)",,"",2,"normal",8,6,,,
"Evening workout 🏋️","13 Jul 2026, 18:15","13 Jul 2026, 19:10","","Iso-Lateral Row (Machine)",,"",0,"normal",35,11,,,
"Evening workout 🏋️","13 Jul 2026, 18:15","13 Jul 2026, 19:10","","Iso-Lateral Row (Machine)",,"",1,"normal",35,11,,,
"Evening workout 🏋️","13 Jul 2026, 18:15","13 Jul 2026, 19:10","","Iso-Lateral Row (Machine)",,"",2,"normal",35,10,,,
"Evening workout 🏋️","13 Jul 2026, 18:15","13 Jul 2026, 19:10","","Leg Press (Machine)",,"",0,"normal",100,11,,,
"Evening workout 🏋️","13 Jul 2026, 18:15","13 Jul 2026, 19:10","","Leg Press (Machine)",,"",1,"normal",100,10,,,
"Evening workout 🏋️","13 Jul 2026, 18:15","13 Jul 2026, 19:10","","Leg Press (Machine)",,"",2,"normal",100,9,,,
"Evening workout 🏋️","13 Jul 2026, 18:15","13 Jul 2026, 19:10","","Incline Bench Press (Dumbbell)",,"",0,"normal",18,11,,,
"Evening workout 🏋️","13 Jul 2026, 18:15","13 Jul 2026, 19:10","","Incline Bench Press (Dumbbell)",,"",1,"normal",18,8,,,
"Evening workout 🏋️","13 Jul 2026, 18:15","13 Jul 2026, 19:10","","Incline Bench Press (Dumbbell)",,"",2,"normal",18,6,,,
"Evening workout 🏋️","13 Jul 2026, 18:15","13 Jul 2026, 19:10","","Lying Leg Curl (Machine)",,"",0,"normal",41.5,11,,,
"Evening workout 🏋️","13 Jul 2026, 18:15","13 Jul 2026, 19:10","","Lying Leg Curl (Machine)",,"",1,"normal",41.5,10,,,
"Evening workout 🏋️","13 Jul 2026, 18:15","13 Jul 2026, 19:10","","Lying Leg Curl (Machine)",,"",2,"normal",41.5,9,,,
"Evening workout 🏋️","13 Jul 2026, 18:15","13 Jul 2026, 19:10","","Triceps Pressdown",,"",0,"normal",20,13,,,
"Evening workout 🏋️","13 Jul 2026, 18:15","13 Jul 2026, 19:10","","Triceps Pressdown",,"",1,"normal",21,9,,,
"Evening workout 🏋️","13 Jul 2026, 18:15","13 Jul 2026, 19:10","","Triceps Pressdown",,"",2,"normal",17.5,12,,,
"Evening workout 🏋️","13 Jul 2026, 18:15","13 Jul 2026, 19:10","","Bicep Curl (Cable)",,"",0,"normal",17.5,12,,,
"Evening workout 🏋️","13 Jul 2026, 18:15","13 Jul 2026, 19:10","","Bicep Curl (Cable)",,"",1,"normal",17.5,9,,,
"Evening workout 🏋️","13 Jul 2026, 18:15","13 Jul 2026, 19:10","","Bicep Curl (Cable)",,"",2,"normal",17.5,7,,,
"Evening workout 🏋️","13 Jul 2026, 18:15","13 Jul 2026, 19:10","","Dead Bug",,"Leg 90 degrees in 2nd set. Knee over hip not chest",0,"normal",,14,,,
"Evening workout 🏋️","13 Jul 2026, 18:15","13 Jul 2026, 19:10","","Dead Bug",,"Leg 90 degrees in 2nd set. Knee over hip not chest",1,"normal",,7,,,
"Evening workout 🏋️","13 Jul 2026, 18:15","13 Jul 2026, 19:10","","Chest Fly (Machine)",,"",0,"normal",50,11,,,
"Evening workout 🏋️","13 Jul 2026, 18:15","13 Jul 2026, 19:10","","Chest Fly (Machine)",,"",1,"normal",50,9,,,
"Evening workout 🏋️","13 Jul 2026, 18:15","13 Jul 2026, 19:10","","Chest Fly (Machine)",,"",2,"normal",50,9,,,
"Evening workout 🏋️","8 Jul 2026, 18:54","8 Jul 2026, 19:49","","Incline Bench Press (Dumbbell)",,"",0,"normal",18,11,,,
"Evening workout 🏋️","8 Jul 2026, 18:54","8 Jul 2026, 19:49","","Incline Bench Press (Dumbbell)",,"",1,"normal",18,9,,,
"Evening workout 🏋️","8 Jul 2026, 18:54","8 Jul 2026, 19:49","","Incline Bench Press (Dumbbell)",,"",2,"normal",18,7,,,
"Evening workout 🏋️","8 Jul 2026, 18:54","8 Jul 2026, 19:49","","Chest Fly (Machine)",,"",0,"normal",40,8,,,
"Evening workout 🏋️","8 Jul 2026, 18:54","8 Jul 2026, 19:49","","Chest Fly (Machine)",,"",1,"normal",55,9,,,
"Evening workout 🏋️","8 Jul 2026, 18:54","8 Jul 2026, 19:49","","Chest Fly (Machine)",,"",2,"normal",52.5,8,,,
"Evening workout 🏋️","8 Jul 2026, 18:54","8 Jul 2026, 19:49","","Chest Fly (Machine)",,"",3,"normal",52.5,7,,,
"Evening workout 🏋️","8 Jul 2026, 18:54","8 Jul 2026, 19:49","","Lat Pulldown (Cable)",,"Away from scale",0,"normal",28.5,10,,,
"Evening workout 🏋️","8 Jul 2026, 18:54","8 Jul 2026, 19:49","","Lat Pulldown (Cable)",,"Away from scale",1,"normal",28.5,8,,,
"Evening workout 🏋️","8 Jul 2026, 18:54","8 Jul 2026, 19:49","","Lat Pulldown (Cable)",,"Away from scale",2,"normal",28.5,7,,,
"Evening workout 🏋️","8 Jul 2026, 18:54","8 Jul 2026, 19:49","","Lateral Raise (Cable)",,"",0,"normal",2.5,13,,,
"Evening workout 🏋️","8 Jul 2026, 18:54","8 Jul 2026, 19:49","","Lateral Raise (Cable)",,"",1,"normal",3.75,12,,,
"Evening workout 🏋️","8 Jul 2026, 18:54","8 Jul 2026, 19:49","","Lateral Raise (Cable)",,"",2,"normal",3.75,9,,,
"Evening workout 🏋️","8 Jul 2026, 18:54","8 Jul 2026, 19:49","","Face Pull",,"",0,"normal",15,15,,,
"Evening workout 🏋️","8 Jul 2026, 18:54","8 Jul 2026, 19:49","","Face Pull",,"",1,"normal",15,15,,,
"Evening workout 🏋️","8 Jul 2026, 18:54","8 Jul 2026, 19:49","","Face Pull",,"",2,"normal",15,15,,,
"Evening workout 🏋️","8 Jul 2026, 18:54","8 Jul 2026, 19:49","","Seated Incline Curl (Dumbbell)",,"",0,"normal",8,12,,,
"Evening workout 🏋️","8 Jul 2026, 18:54","8 Jul 2026, 19:49","","Seated Incline Curl (Dumbbell)",,"",1,"normal",8,10,,,
"Evening workout 🏋️","8 Jul 2026, 18:54","8 Jul 2026, 19:49","","Seated Incline Curl (Dumbbell)",,"",2,"normal",8,7,,,
"Evening workout 🏋️","8 Jul 2026, 18:54","8 Jul 2026, 19:49","","Pull Up",,"",0,"normal",,5,,,
"Evening workout 🏋️","8 Jul 2026, 18:54","8 Jul 2026, 19:49","","Pull Up",,"",1,"normal",,3,,,
"Evening workout 🏋️","6 Jul 2026, 18:53","6 Jul 2026, 19:46","","Lat Pulldown (Cable)",,"Machine next to scale",0,"normal",28.5,9,,,
"Evening workout 🏋️","6 Jul 2026, 18:53","6 Jul 2026, 19:46","","Lat Pulldown (Cable)",,"Machine next to scale",1,"normal",28.5,8,,,
"Evening workout 🏋️","6 Jul 2026, 18:53","6 Jul 2026, 19:46","","Lat Pulldown (Cable)",,"Machine next to scale",2,"normal",28.5,7,,,
"Evening workout 🏋️","6 Jul 2026, 18:53","6 Jul 2026, 19:46","","Incline Bench Press (Dumbbell)",,"",0,"normal",18,11,,,
"Evening workout 🏋️","6 Jul 2026, 18:53","6 Jul 2026, 19:46","","Incline Bench Press (Dumbbell)",,"",1,"normal",18,10,,,
"Evening workout 🏋️","6 Jul 2026, 18:53","6 Jul 2026, 19:46","","Incline Bench Press (Dumbbell)",,"",2,"normal",18,9,,,
"Evening workout 🏋️","6 Jul 2026, 18:53","6 Jul 2026, 19:46","","Lying Leg Curl (Machine)",,"",0,"normal",39,11,,,
"Evening workout 🏋️","6 Jul 2026, 18:53","6 Jul 2026, 19:46","","Lying Leg Curl (Machine)",,"",1,"normal",39,10,,,
"Evening workout 🏋️","6 Jul 2026, 18:53","6 Jul 2026, 19:46","","Lying Leg Curl (Machine)",,"",2,"normal",39,11,,,
"Evening workout 🏋️","6 Jul 2026, 18:53","6 Jul 2026, 19:46","","Triceps Pushdown",,"",0,"normal",20,13,,,
"Evening workout 🏋️","6 Jul 2026, 18:53","6 Jul 2026, 19:46","","Triceps Pushdown",,"",1,"normal",20,12,,,
"Evening workout 🏋️","6 Jul 2026, 18:53","6 Jul 2026, 19:46","","Triceps Pushdown",,"",2,"normal",20,10,,,
"Evening workout 🏋️","6 Jul 2026, 18:53","6 Jul 2026, 19:46","","Iso-Lateral Chest Press (Machine)",,"",0,"normal",12.5,11,,,
"Evening workout 🏋️","6 Jul 2026, 18:53","6 Jul 2026, 19:46","","Iso-Lateral Chest Press (Machine)",,"",1,"normal",12.5,10,,,
"Evening workout 🏋️","6 Jul 2026, 18:53","6 Jul 2026, 19:46","","Iso-Lateral Chest Press (Machine)",,"",2,"normal",12.5,9,,,
"Evening workout 🏋️","6 Jul 2026, 18:53","6 Jul 2026, 19:46","","Rear Delt Reverse Fly (Machine)",,"",0,"normal",33,15,,,
"Evening workout 🏋️","6 Jul 2026, 18:53","6 Jul 2026, 19:46","","Rear Delt Reverse Fly (Machine)",,"",1,"normal",33,14,,,
"Evening workout 🏋️","6 Jul 2026, 18:53","6 Jul 2026, 19:46","","Rear Delt Reverse Fly (Machine)",,"",2,"normal",33,14,,,
"Evening workout 🏋️","6 Jul 2026, 18:53","6 Jul 2026, 19:46","","Bicep Curl (Cable)",,"",0,"normal",17.5,11,,,
"Evening workout 🏋️","6 Jul 2026, 18:53","6 Jul 2026, 19:46","","Bicep Curl (Cable)",,"",1,"normal",17.5,9,,,
"Evening workout 🏋️","6 Jul 2026, 18:53","6 Jul 2026, 19:46","","Bicep Curl (Cable)",,"",2,"normal",17.5,7,,,
"Morning workout ☀️","4 Jul 2026, 12:02","4 Jul 2026, 12:56","","Leg Press (Machine)",,"",0,"normal",90,12,,,
"Morning workout ☀️","4 Jul 2026, 12:02","4 Jul 2026, 12:56","","Leg Press (Machine)",,"",1,"normal",90,11,,,
"Morning workout ☀️","4 Jul 2026, 12:02","4 Jul 2026, 12:56","","Leg Press (Machine)",,"",2,"normal",90,10,,,
"Morning workout ☀️","4 Jul 2026, 12:02","4 Jul 2026, 12:56","","Incline Bench Press (Dumbbell)",,"",0,"normal",18,10,,,
"Morning workout ☀️","4 Jul 2026, 12:02","4 Jul 2026, 12:56","","Incline Bench Press (Dumbbell)",,"",1,"normal",18,9,,,
"Morning workout ☀️","4 Jul 2026, 12:02","4 Jul 2026, 12:56","","Incline Bench Press (Dumbbell)",,"",2,"normal",18,8,,,
"Morning workout ☀️","4 Jul 2026, 12:02","4 Jul 2026, 12:56","","Leg Extension (Machine)",,"",0,"normal",37.5,8,,,
"Morning workout ☀️","4 Jul 2026, 12:02","4 Jul 2026, 12:56","","Leg Extension (Machine)",,"",1,"normal",56.25,12,,,
"Morning workout ☀️","4 Jul 2026, 12:02","4 Jul 2026, 12:56","","Leg Extension (Machine)",,"",2,"normal",56.25,12,,,
"Morning workout ☀️","4 Jul 2026, 12:02","4 Jul 2026, 12:56","","Leg Extension (Machine)",,"",3,"normal",56.25,12,,,
"Morning workout ☀️","4 Jul 2026, 12:02","4 Jul 2026, 12:56","","Iso-Lateral Row (Machine)",,"",0,"normal",35,10,,,
"Morning workout ☀️","4 Jul 2026, 12:02","4 Jul 2026, 12:56","","Iso-Lateral Row (Machine)",,"",1,"normal",35,9,,,
"Morning workout ☀️","4 Jul 2026, 12:02","4 Jul 2026, 12:56","","Iso-Lateral Row (Machine)",,"",2,"normal",35,8,,,
"Morning workout ☀️","4 Jul 2026, 12:02","4 Jul 2026, 12:56","","Triceps Pushdown",,"",0,"normal",15,15,,,
"Morning workout ☀️","4 Jul 2026, 12:02","4 Jul 2026, 12:56","","Triceps Pushdown",,"",1,"normal",15,15,,,
"Morning workout ☀️","4 Jul 2026, 12:02","4 Jul 2026, 12:56","","Triceps Pushdown",,"",2,"normal",15,15,,,
"Morning workout ☀️","4 Jul 2026, 12:02","4 Jul 2026, 12:56","","Seated Incline Curl (Dumbbell)",,"",0,"normal",8,12,,,
"Morning workout ☀️","4 Jul 2026, 12:02","4 Jul 2026, 12:56","","Seated Incline Curl (Dumbbell)",,"",1,"normal",8,11,,,
"Morning workout ☀️","4 Jul 2026, 12:02","4 Jul 2026, 12:56","","Seated Incline Curl (Dumbbell)",,"",2,"normal",8,7,,,
"Afternoon workout 💪","2 Jul 2026, 18:14","2 Jul 2026, 19:02","","Lat Pulldown (Cable)",,"",0,"normal",28.5,10,,,
"Afternoon workout 💪","2 Jul 2026, 18:14","2 Jul 2026, 19:02","","Lat Pulldown (Cable)",,"",1,"normal",28.5,8,,,
"Afternoon workout 💪","2 Jul 2026, 18:14","2 Jul 2026, 19:02","","Lat Pulldown (Cable)",,"",2,"normal",28.5,6,,,
"Afternoon workout 💪","2 Jul 2026, 18:14","2 Jul 2026, 19:02","","Back Extension (Weighted Hyperextension)",,"",0,"normal",,15,,,
"Afternoon workout 💪","2 Jul 2026, 18:14","2 Jul 2026, 19:02","","Back Extension (Weighted Hyperextension)",,"",1,"normal",,15,,,
"Afternoon workout 💪","2 Jul 2026, 18:14","2 Jul 2026, 19:02","","Incline Bench Press (Dumbbell)",,"",0,"normal",16,12,,,
"Afternoon workout 💪","2 Jul 2026, 18:14","2 Jul 2026, 19:02","","Incline Bench Press (Dumbbell)",,"",1,"normal",16,11,,,
"Afternoon workout 💪","2 Jul 2026, 18:14","2 Jul 2026, 19:02","","Incline Bench Press (Dumbbell)",,"",2,"normal",16,10,,,
"Afternoon workout 💪","2 Jul 2026, 18:14","2 Jul 2026, 19:02","","Lying Leg Curl (Machine)",,"",0,"normal",39,8,,,
"Afternoon workout 💪","2 Jul 2026, 18:14","2 Jul 2026, 19:02","","Lying Leg Curl (Machine)",,"",1,"normal",39,7,,,
"Afternoon workout 💪","2 Jul 2026, 18:14","2 Jul 2026, 19:02","","Lying Leg Curl (Machine)",,"",2,"normal",39,6,,,
"Afternoon workout 💪","2 Jul 2026, 18:14","2 Jul 2026, 19:02","","Lateral Raise (Cable)",,"",0,"normal",2.5,13,,,
"Afternoon workout 💪","2 Jul 2026, 18:14","2 Jul 2026, 19:02","","Lateral Raise (Cable)",,"",1,"normal",2.5,8,,,
"Afternoon workout 💪","2 Jul 2026, 18:14","2 Jul 2026, 19:02","","Cable Core Pallof Press",,"",0,"normal",12.5,10,,,
"Afternoon workout 💪","2 Jul 2026, 18:14","2 Jul 2026, 19:02","","Cable Core Pallof Press",,"",1,"normal",12.5,10,,,
"Afternoon workout 💪","2 Jul 2026, 18:14","2 Jul 2026, 19:02","","Hip Abduction (Machine)",,"",0,"normal",71.25,15,,,
"Afternoon workout 💪","2 Jul 2026, 18:14","2 Jul 2026, 19:02","","Hip Abduction (Machine)",,"",1,"normal",71.25,14,,,
"Afternoon workout 💪","2 Jul 2026, 18:14","2 Jul 2026, 19:02","","Hip Abduction (Machine)",,"",2,"normal",71.25,11,,,
"Afternoon workout 💪","2 Jul 2026, 18:14","2 Jul 2026, 19:02","","Seated Incline Curl (Dumbbell)",,"",0,"normal",8,12,,,
"Afternoon workout 💪","2 Jul 2026, 18:14","2 Jul 2026, 19:02","","Seated Incline Curl (Dumbbell)",,"",1,"normal",8,10,,,
"Afternoon workout 💪","2 Jul 2026, 18:14","2 Jul 2026, 19:02","","Seated Incline Curl (Dumbbell)",,"",2,"normal",8,8,,,
"Afternoon workout 💪","30 Jun 2026, 18:16","30 Jun 2026, 18:53","","Iso-Lateral Row (Machine)",,"",0,"normal",30,15,,,
"Afternoon workout 💪","30 Jun 2026, 18:16","30 Jun 2026, 18:53","","Iso-Lateral Row (Machine)",,"",1,"normal",30,13,,,
"Afternoon workout 💪","30 Jun 2026, 18:16","30 Jun 2026, 18:53","","Iso-Lateral Row (Machine)",,"",2,"normal",30,12,,,
"Afternoon workout 💪","30 Jun 2026, 18:16","30 Jun 2026, 18:53","","Chest Fly (Machine)",,"",0,"normal",40,8,,,
"Afternoon workout 💪","30 Jun 2026, 18:16","30 Jun 2026, 18:53","","Chest Fly (Machine)",,"",1,"normal",50,13,,,
"Afternoon workout 💪","30 Jun 2026, 18:16","30 Jun 2026, 18:53","","Chest Fly (Machine)",,"",2,"normal",50,9,,,
"Afternoon workout 💪","30 Jun 2026, 18:16","30 Jun 2026, 18:53","","Chest Fly (Machine)",,"",3,"normal",50,7,,,
"Afternoon workout 💪","30 Jun 2026, 18:16","30 Jun 2026, 18:53","","Leg Extension (Machine)",,"",0,"normal",37.5,8,,,
"Afternoon workout 💪","30 Jun 2026, 18:16","30 Jun 2026, 18:53","","Leg Extension (Machine)",,"",1,"normal",56.25,11,,,
"Afternoon workout 💪","30 Jun 2026, 18:16","30 Jun 2026, 18:53","","Leg Extension (Machine)",,"",2,"normal",56.25,11,,,
"Afternoon workout 💪","30 Jun 2026, 18:16","30 Jun 2026, 18:53","","Leg Extension (Machine)",,"",3,"normal",52.5,10,,,
"Afternoon workout 💪","30 Jun 2026, 18:16","30 Jun 2026, 18:53","","Incline Bench Press (Dumbbell)",,"",0,"normal",16,11,,,
"Afternoon workout 💪","30 Jun 2026, 18:16","30 Jun 2026, 18:53","","Incline Bench Press (Dumbbell)",,"",1,"normal",16,11,,,
"Afternoon workout 💪","30 Jun 2026, 18:16","30 Jun 2026, 18:53","","Incline Bench Press (Dumbbell)",,"",2,"normal",16,8,,,
"Afternoon workout 💪","30 Jun 2026, 18:16","30 Jun 2026, 18:53","","Rear Delt Reverse Fly (Machine)",,"",0,"normal",26,17,,,
"Afternoon workout 💪","30 Jun 2026, 18:16","30 Jun 2026, 18:53","","Rear Delt Reverse Fly (Machine)",,"",1,"normal",26,16,,,
"Afternoon workout 💪","30 Jun 2026, 18:16","30 Jun 2026, 18:53","","Rear Delt Reverse Fly (Machine)",,"",2,"normal",26,16,,,
"Morning workout ☀️","28 Jun 2026, 09:08","28 Jun 2026, 10:07","","Incline Bench Press (Dumbbell)",,"",0,"normal",16,10,,,
"Morning workout ☀️","28 Jun 2026, 09:08","28 Jun 2026, 10:07","","Incline Bench Press (Dumbbell)",,"",1,"normal",16,10,,,
"Morning workout ☀️","28 Jun 2026, 09:08","28 Jun 2026, 10:07","","Incline Bench Press (Dumbbell)",,"",2,"normal",16,9,,,
"Morning workout ☀️","28 Jun 2026, 09:08","28 Jun 2026, 10:07","","Leg Press (Machine)",,"",0,"normal",80,15,,,
"Morning workout ☀️","28 Jun 2026, 09:08","28 Jun 2026, 10:07","","Leg Press (Machine)",,"",1,"normal",80,14,,,
"Morning workout ☀️","28 Jun 2026, 09:08","28 Jun 2026, 10:07","","Leg Press (Machine)",,"",2,"normal",80,13,,,
"Morning workout ☀️","28 Jun 2026, 09:08","28 Jun 2026, 10:07","","Chest Fly (Machine)",,"",0,"normal",40,8,,,
"Morning workout ☀️","28 Jun 2026, 09:08","28 Jun 2026, 10:07","","Chest Fly (Machine)",,"",1,"normal",50,13,,,
"Morning workout ☀️","28 Jun 2026, 09:08","28 Jun 2026, 10:07","","Chest Fly (Machine)",,"",2,"normal",50,10,,,
"Morning workout ☀️","28 Jun 2026, 09:08","28 Jun 2026, 10:07","","Chest Fly (Machine)",,"",3,"normal",50,7,,,
"Morning workout ☀️","28 Jun 2026, 09:08","28 Jun 2026, 10:07","","Seated Leg Curl (Machine)",,"",0,"normal",50,9,,,
"Morning workout ☀️","28 Jun 2026, 09:08","28 Jun 2026, 10:07","","Seated Leg Curl (Machine)",,"",1,"normal",50,7,,,
"Morning workout ☀️","28 Jun 2026, 09:08","28 Jun 2026, 10:07","","Seated Leg Curl (Machine)",,"",2,"normal",50,6,,,
"Morning workout ☀️","28 Jun 2026, 09:08","28 Jun 2026, 10:07","","Seated Dip Machine",,"",0,"normal",65,10,,,
"Morning workout ☀️","28 Jun 2026, 09:08","28 Jun 2026, 10:07","","Seated Dip Machine",,"",1,"normal",65,9,,,
"Morning workout ☀️","28 Jun 2026, 09:08","28 Jun 2026, 10:07","","Seated Dip Machine",,"",2,"normal",65,8,,,
"Morning workout ☀️","28 Jun 2026, 09:08","28 Jun 2026, 10:07","","Seated Incline Curl (Dumbbell)",,"",0,"normal",7,12,,,
"Morning workout ☀️","28 Jun 2026, 09:08","28 Jun 2026, 10:07","","Seated Incline Curl (Dumbbell)",,"",1,"normal",7,12,,,
"Morning workout ☀️","28 Jun 2026, 09:08","28 Jun 2026, 10:07","","Seated Incline Curl (Dumbbell)",,"",2,"normal",7,12,,,
"Morning workout ☀️","28 Jun 2026, 09:08","28 Jun 2026, 10:07","","Dead Bug",,"",0,"normal",,15,,,
"Morning workout ☀️","28 Jun 2026, 09:08","28 Jun 2026, 10:07","","Dead Bug",,"",1,"normal",,15,,,
"Evening workout 🏋️","24 Jun 2026, 18:49","24 Jun 2026, 19:42","","Chest Fly (Machine)",,"",0,"normal",40,8,,,
"Evening workout 🏋️","24 Jun 2026, 18:49","24 Jun 2026, 19:42","","Chest Fly (Machine)",,"",1,"normal",50,12,,,
"Evening workout 🏋️","24 Jun 2026, 18:49","24 Jun 2026, 19:42","","Chest Fly (Machine)",,"",2,"normal",50,11,,,
"Evening workout 🏋️","24 Jun 2026, 18:49","24 Jun 2026, 19:42","","Chest Fly (Machine)",,"",3,"normal",50,9,,,
"Evening workout 🏋️","24 Jun 2026, 18:49","24 Jun 2026, 19:42","","Leg Extension (Machine)",,"",0,"normal",37.5,8,,,
"Evening workout 🏋️","24 Jun 2026, 18:49","24 Jun 2026, 19:42","","Leg Extension (Machine)",,"",1,"normal",52.5,12,,,
"Evening workout 🏋️","24 Jun 2026, 18:49","24 Jun 2026, 19:42","","Leg Extension (Machine)",,"",2,"normal",52.5,12,,,
"Evening workout 🏋️","24 Jun 2026, 18:49","24 Jun 2026, 19:42","","Leg Extension (Machine)",,"",3,"normal",52.5,10,,,
"Evening workout 🏋️","24 Jun 2026, 18:49","24 Jun 2026, 19:42","","Incline Bench Press (Dumbbell)",,"",0,"normal",16,10,,,
"Evening workout 🏋️","24 Jun 2026, 18:49","24 Jun 2026, 19:42","","Incline Bench Press (Dumbbell)",,"",1,"normal",16,9,,,
"Evening workout 🏋️","24 Jun 2026, 18:49","24 Jun 2026, 19:42","","Incline Bench Press (Dumbbell)",,"",2,"normal",16,8,,,
"Evening workout 🏋️","24 Jun 2026, 18:49","24 Jun 2026, 19:42","","Leg Press (Machine)",,"",0,"normal",80,13,,,
"Evening workout 🏋️","24 Jun 2026, 18:49","24 Jun 2026, 19:42","","Leg Press (Machine)",,"",1,"normal",80,11,,,
"Evening workout 🏋️","24 Jun 2026, 18:49","24 Jun 2026, 19:42","","Leg Press (Machine)",,"",2,"normal",80,10,,,
"Evening workout 🏋️","24 Jun 2026, 18:49","24 Jun 2026, 19:42","","Seated Incline Curl (Dumbbell)",,"",0,"normal",7,12,,,
"Evening workout 🏋️","24 Jun 2026, 18:49","24 Jun 2026, 19:42","","Seated Incline Curl (Dumbbell)",,"",1,"normal",7,10,,,
"Evening workout 🏋️","24 Jun 2026, 18:49","24 Jun 2026, 19:42","","Seated Incline Curl (Dumbbell)",,"",2,"normal",7,10,,,
"Evening workout 🏋️","24 Jun 2026, 18:49","24 Jun 2026, 19:42","","Dead Bug",,"",0,"normal",,10,,,
"Evening workout 🏋️","24 Jun 2026, 18:49","24 Jun 2026, 19:42","","Dead Bug",,"",1,"normal",,10,,,
"Evening workout 🏋️","24 Jun 2026, 18:49","24 Jun 2026, 19:42","","Dead Bug",,"",2,"normal",,10,,,
"Evening workout 🏋️","22 Jun 2026, 18:24","22 Jun 2026, 19:12","","Lat Pulldown (Cable)",,"",0,"normal",23.5,12,,,
"Evening workout 🏋️","22 Jun 2026, 18:24","22 Jun 2026, 19:12","","Lat Pulldown (Cable)",,"",1,"normal",28.5,8,,,
"Evening workout 🏋️","22 Jun 2026, 18:24","22 Jun 2026, 19:12","","Lat Pulldown (Cable)",,"",2,"normal",28.5,6,,,
"Evening workout 🏋️","22 Jun 2026, 18:24","22 Jun 2026, 19:12","","Seated Dip Machine",,"",0,"normal",65,8,,,
"Evening workout 🏋️","22 Jun 2026, 18:24","22 Jun 2026, 19:12","","Seated Dip Machine",,"",1,"normal",65,8,,,
"Evening workout 🏋️","22 Jun 2026, 18:24","22 Jun 2026, 19:12","","Seated Dip Machine",,"",2,"normal",65,8,,,
"Evening workout 🏋️","22 Jun 2026, 18:24","22 Jun 2026, 19:12","","Seated Leg Curl (Machine)",,"",0,"normal",50,10,,,
"Evening workout 🏋️","22 Jun 2026, 18:24","22 Jun 2026, 19:12","","Seated Leg Curl (Machine)",,"",1,"normal",50,7,,,
"Evening workout 🏋️","22 Jun 2026, 18:24","22 Jun 2026, 19:12","","Seated Leg Curl (Machine)",,"",2,"normal",50,6,,,
"Evening workout 🏋️","22 Jun 2026, 18:24","22 Jun 2026, 19:12","","Iso-Lateral Row (Machine)",,"",0,"normal",25,15,,,
"Evening workout 🏋️","22 Jun 2026, 18:24","22 Jun 2026, 19:12","","Iso-Lateral Row (Machine)",,"",1,"normal",25,15,,,
"Evening workout 🏋️","22 Jun 2026, 18:24","22 Jun 2026, 19:12","","Iso-Lateral Row (Machine)",,"",2,"normal",25,15,,,
"Evening workout 🏋️","22 Jun 2026, 18:24","22 Jun 2026, 19:12","","Triceps Pressdown",,"",0,"normal",20,12,,,
"Evening workout 🏋️","22 Jun 2026, 18:24","22 Jun 2026, 19:12","","Triceps Pressdown",,"",1,"normal",20,9,,,
"Evening workout 🏋️","22 Jun 2026, 18:24","22 Jun 2026, 19:12","","Triceps Pressdown",,"",2,"normal",20,7,,,
"Evening workout 🏋️","22 Jun 2026, 18:24","22 Jun 2026, 19:12","","Iso-Lateral Chest Press (Machine)",,"",0,"normal",11.25,12,,,
"Evening workout 🏋️","22 Jun 2026, 18:24","22 Jun 2026, 19:12","","Iso-Lateral Chest Press (Machine)",,"",1,"normal",11.25,11,,,
"Evening workout 🏋️","22 Jun 2026, 18:24","22 Jun 2026, 19:12","","Iso-Lateral Chest Press (Machine)",,"",2,"normal",11.25,8,,,
"Evening workout 🏋️","18 Jun 2026, 18:18","18 Jun 2026, 19:05","","Leg Press (Machine)",,"",0,"normal",80,10,,,
"Evening workout 🏋️","18 Jun 2026, 18:18","18 Jun 2026, 19:05","","Leg Press (Machine)",,"",1,"normal",80,10,,,
"Evening workout 🏋️","18 Jun 2026, 18:18","18 Jun 2026, 19:05","","Leg Press (Machine)",,"",2,"normal",80,10,,,
"Evening workout 🏋️","18 Jun 2026, 18:18","18 Jun 2026, 19:05","","Chest Fly (Machine)",,"",0,"normal",45,8,,,
"Evening workout 🏋️","18 Jun 2026, 18:18","18 Jun 2026, 19:05","","Chest Fly (Machine)",,"",1,"normal",55,8,,,
"Evening workout 🏋️","18 Jun 2026, 18:18","18 Jun 2026, 19:05","","Chest Fly (Machine)",,"",2,"normal",55,7,,,
"Evening workout 🏋️","18 Jun 2026, 18:18","18 Jun 2026, 19:05","","Chest Fly (Machine)",,"",3,"normal",55,6,,,
"Evening workout 🏋️","18 Jun 2026, 18:18","18 Jun 2026, 19:05","","Leg Extension (Machine)",,"",0,"normal",48.75,10,,,
"Evening workout 🏋️","18 Jun 2026, 18:18","18 Jun 2026, 19:05","","Leg Extension (Machine)",,"",1,"normal",52.5,10,,,
"Evening workout 🏋️","18 Jun 2026, 18:18","18 Jun 2026, 19:05","","Leg Extension (Machine)",,"",2,"normal",52.5,8,,,
"Evening workout 🏋️","18 Jun 2026, 18:18","18 Jun 2026, 19:05","","Preacher Curl (Barbell)",,"",0,"normal",10,10,,,
"Evening workout 🏋️","18 Jun 2026, 18:18","18 Jun 2026, 19:05","","Preacher Curl (Barbell)",,"",1,"normal",10,9,,,
"Evening workout 🏋️","18 Jun 2026, 18:18","18 Jun 2026, 19:05","","Preacher Curl (Barbell)",,"",2,"normal",10,7,,,
"Evening workout 🏋️","18 Jun 2026, 18:18","18 Jun 2026, 19:05","","Lateral Raise (Cable)",,"",0,"normal",2.5,15,,,
"Evening workout 🏋️","18 Jun 2026, 18:18","18 Jun 2026, 19:05","","Lateral Raise (Cable)",,"",1,"normal",2.5,12,,,
"Evening workout 🏋️","18 Jun 2026, 18:18","18 Jun 2026, 19:05","","Hip Abduction (Machine)",,"",0,"normal",71.25,15,,,
"Evening workout 🏋️","18 Jun 2026, 18:18","18 Jun 2026, 19:05","","Hip Abduction (Machine)",,"",1,"normal",71.25,15,,,
"Evening workout 🏋️","18 Jun 2026, 18:18","18 Jun 2026, 19:05","","Hip Abduction (Machine)",,"",2,"normal",71.25,15,,,
"Afternoon workout 💪","16 Jun 2026, 18:11","16 Jun 2026, 18:46","","Iso-Lateral Row (Machine)",,"",0,"normal",20,15,,,
"Afternoon workout 💪","16 Jun 2026, 18:11","16 Jun 2026, 18:46","","Iso-Lateral Row (Machine)",,"",1,"normal",25,15,,,
"Afternoon workout 💪","16 Jun 2026, 18:11","16 Jun 2026, 18:46","","Iso-Lateral Row (Machine)",,"",2,"normal",25,15,,,
"Afternoon workout 💪","16 Jun 2026, 18:11","16 Jun 2026, 18:46","","Incline Bench Press (Dumbbell)",,"",0,"normal",14,11,,,
"Afternoon workout 💪","16 Jun 2026, 18:11","16 Jun 2026, 18:46","","Incline Bench Press (Dumbbell)",,"",1,"normal",14,11,,,
"Afternoon workout 💪","16 Jun 2026, 18:11","16 Jun 2026, 18:46","","Incline Bench Press (Dumbbell)",,"",2,"normal",14,9,,,
"Afternoon workout 💪","16 Jun 2026, 18:11","16 Jun 2026, 18:46","","Lat Pulldown (Machine)",,"",0,"normal",23.5,10,,,
"Afternoon workout 💪","16 Jun 2026, 18:11","16 Jun 2026, 18:46","","Lat Pulldown (Machine)",,"",1,"normal",23.5,9,,,
"Afternoon workout 💪","16 Jun 2026, 18:11","16 Jun 2026, 18:46","","Lat Pulldown (Machine)",,"",2,"normal",23.5,8,,,
"Afternoon workout 💪","16 Jun 2026, 18:11","16 Jun 2026, 18:46","","Seated Incline Curl (Dumbbell)",,"",0,"normal",8,8,,,
"Afternoon workout 💪","16 Jun 2026, 18:11","16 Jun 2026, 18:46","","Seated Incline Curl (Dumbbell)",,"",1,"normal",8,6,,,
"Afternoon workout 💪","16 Jun 2026, 18:11","16 Jun 2026, 18:46","","Seated Incline Curl (Dumbbell)",,"",2,"normal",8,5,,,
"Afternoon workout 💪","16 Jun 2026, 18:11","16 Jun 2026, 18:46","","Rear Delt Reverse Fly (Machine)",,"",0,"normal",26,17,,,
"Afternoon workout 💪","16 Jun 2026, 18:11","16 Jun 2026, 18:46","","Rear Delt Reverse Fly (Machine)",,"",1,"normal",26,16,,,
"Afternoon workout 💪","16 Jun 2026, 18:11","16 Jun 2026, 18:46","","Rear Delt Reverse Fly (Machine)",,"",2,"normal",26,16,,,
"Afternoon workout 💪","16 Jun 2026, 18:11","16 Jun 2026, 18:46","","Triceps Pressdown",,"",0,"normal",20,10,,,
"Afternoon workout 💪","16 Jun 2026, 18:11","16 Jun 2026, 18:46","","Triceps Pressdown",,"",1,"normal",20,8,,,
"Afternoon workout 💪","16 Jun 2026, 18:11","16 Jun 2026, 18:46","","Triceps Pressdown",,"",2,"normal",20,7,,,
"Lower Body","4 Feb 2026, 09:18","4 Feb 2026, 11:22","","Leg Press (Machine)",,"",0,"normal",80,8,,,
"Lower Body","4 Feb 2026, 09:18","4 Feb 2026, 11:22","","Leg Press (Machine)",,"",1,"normal",50,8,,,
"Lower Body","4 Feb 2026, 09:18","4 Feb 2026, 11:22","","Leg Press (Machine)",,"",2,"normal",50,12,,,
"Lower Body","4 Feb 2026, 09:18","4 Feb 2026, 11:22","","Lying Leg Curl (Machine)",,"",0,"normal",32,10,,,
"Lower Body","4 Feb 2026, 09:18","4 Feb 2026, 11:22","","Lying Leg Curl (Machine)",,"",1,"normal",32,10,,,
"Lower Body","4 Feb 2026, 09:18","4 Feb 2026, 11:22","","Lying Leg Curl (Machine)",,"",2,"normal",32,10,,,
"Lower Body","4 Feb 2026, 09:18","4 Feb 2026, 11:22","","Lunge (Dumbbell)",,"",0,"normal",,20,,,
"Lower Body","4 Feb 2026, 09:18","4 Feb 2026, 11:22","","Lunge (Dumbbell)",,"",1,"normal",,20,,,
"Lower Body","4 Feb 2026, 09:18","4 Feb 2026, 11:22","","Dead Bug",,"",0,"normal",,12,,,
"Lower Body","4 Feb 2026, 09:18","4 Feb 2026, 11:22","","Dead Bug",,"",1,"normal",,12,,,
"Lower Body","4 Feb 2026, 09:18","4 Feb 2026, 11:22","","Dead Bug",,"",2,"normal",,9,,,
"Upper Body","2 Feb 2026, 10:29","2 Feb 2026, 11:06","","Incline Bench Press (Dumbbell)",,"",0,"normal",14,9,,,
"Upper Body","2 Feb 2026, 10:29","2 Feb 2026, 11:06","","Incline Bench Press (Dumbbell)",,"",1,"normal",14,9,,,
"Upper Body","2 Feb 2026, 10:29","2 Feb 2026, 11:06","","Incline Bench Press (Dumbbell)",,"",2,"normal",14,9,,,
"Upper Body","2 Feb 2026, 10:29","2 Feb 2026, 11:06","","Chest Supported Incline Row (Dumbbell)",,"",0,"normal",14,11,,,
"Upper Body","2 Feb 2026, 10:29","2 Feb 2026, 11:06","","Chest Supported Incline Row (Dumbbell)",,"",1,"normal",14,11,,,
"Upper Body","2 Feb 2026, 10:29","2 Feb 2026, 11:06","","Lat Pulldown (Cable)",,"",0,"normal",20,12,,,
"Upper Body","2 Feb 2026, 10:29","2 Feb 2026, 11:06","","Lat Pulldown (Cable)",,"",1,"normal",20,8,,,
"Upper Body","2 Feb 2026, 10:29","2 Feb 2026, 11:06","","Lat Pulldown (Cable)",,"",2,"normal",20,8,,,
"Upper Body","2 Feb 2026, 10:29","2 Feb 2026, 11:06","","Shoulder Press (Dumbbell)",,"",0,"normal",14,6,,,
"Upper Body","2 Feb 2026, 10:29","2 Feb 2026, 11:06","","Shoulder Press (Dumbbell)",,"",1,"normal",14,2,,,
"Upper Body","2 Feb 2026, 10:29","2 Feb 2026, 11:06","","Triceps Pushdown",,"",0,"normal",20,8,,,
"Upper Body","2 Feb 2026, 10:29","2 Feb 2026, 11:06","","Triceps Pushdown",,"",1,"normal",15,8,,,
"Upper Body","2 Feb 2026, 10:29","2 Feb 2026, 11:06","","Triceps Pushdown",,"",2,"normal",15,8,,,
"Upper Body","2 Feb 2026, 10:29","2 Feb 2026, 11:06","","Bicep Curl (Barbell)",,"",0,"normal",12.5,10,,,
"Upper Body","2 Feb 2026, 10:29","2 Feb 2026, 11:06","","Bicep Curl (Barbell)",,"",1,"normal",12.5,10,,,
"Upper Body","2 Feb 2026, 10:29","2 Feb 2026, 11:06","","Bicep Curl (Barbell)",,"",2,"normal",12.5,11,,,
"Lower Body","31 Jan 2026, 17:15","31 Jan 2026, 18:12","","Deadlift (Trap bar)",,"",0,"normal",40,6,,,
"Lower Body","31 Jan 2026, 17:15","31 Jan 2026, 18:12","","Deadlift (Trap bar)",,"",1,"normal",40,6,,,
"Lower Body","31 Jan 2026, 17:15","31 Jan 2026, 18:12","","Deadlift (Trap bar)",,"",2,"normal",40,6,,,
"Lower Body","31 Jan 2026, 17:15","31 Jan 2026, 18:12","","Leg Press (Machine)",,"",0,"normal",50,10,,,
"Lower Body","31 Jan 2026, 17:15","31 Jan 2026, 18:12","","Leg Press (Machine)",,"",1,"normal",50,10,,,
"Lower Body","31 Jan 2026, 17:15","31 Jan 2026, 18:12","","Leg Press (Machine)",,"",2,"normal",50,10,,,
"Lower Body","31 Jan 2026, 17:15","31 Jan 2026, 18:12","","Calf Press (Machine)",,"",0,"normal",30,12,,,
"Lower Body","31 Jan 2026, 17:15","31 Jan 2026, 18:12","","Calf Press (Machine)",,"",1,"normal",30,12,,,
"Lower Body","31 Jan 2026, 17:15","31 Jan 2026, 18:12","","Calf Press (Machine)",,"",2,"normal",30,12,,,
"Lower Body","31 Jan 2026, 17:15","31 Jan 2026, 18:12","","Lying Leg Curl (Machine)",,"",0,"normal",32,8,,,
"Lower Body","31 Jan 2026, 17:15","31 Jan 2026, 18:12","","Lying Leg Curl (Machine)",,"",1,"normal",32,8,,,
"Lower Body","31 Jan 2026, 17:15","31 Jan 2026, 18:12","","Lying Leg Curl (Machine)",,"",2,"normal",32,8,,,
"Lower Body","31 Jan 2026, 17:15","31 Jan 2026, 18:12","","Lunge (Dumbbell)",,"",0,"normal",,15,,,
"Lower Body","31 Jan 2026, 17:15","31 Jan 2026, 18:12","","Lunge (Dumbbell)",,"",1,"normal",,15,,,
"Lower Body","31 Jan 2026, 17:15","31 Jan 2026, 18:12","","Dead Bug",,"",0,"normal",,12,,,
"Lower Body","31 Jan 2026, 17:15","31 Jan 2026, 18:12","","Dead Bug",,"",1,"normal",,12,,,
"Lower Body","31 Jan 2026, 17:15","31 Jan 2026, 18:12","","Dead Bug",,"",2,"normal",,9,,,
"Upper Body","29 Jan 2026, 18:10","29 Jan 2026, 18:48","","Incline Bench Press (Dumbbell)",,"",0,"normal",14,8,,,
"Upper Body","29 Jan 2026, 18:10","29 Jan 2026, 18:48","","Incline Bench Press (Dumbbell)",,"",1,"normal",14,8,,,
"Upper Body","29 Jan 2026, 18:10","29 Jan 2026, 18:48","","Incline Bench Press (Dumbbell)",,"",2,"normal",14,8,,,
"Upper Body","29 Jan 2026, 18:10","29 Jan 2026, 18:48","","Chest Supported Incline Row (Dumbbell)",,"Tough not using some arms by end",0,"normal",14,10,,,
"Upper Body","29 Jan 2026, 18:10","29 Jan 2026, 18:48","","Chest Supported Incline Row (Dumbbell)",,"Tough not using some arms by end",1,"normal",14,10,,,
"Upper Body","29 Jan 2026, 18:10","29 Jan 2026, 18:48","","Chest Supported Incline Row (Dumbbell)",,"Tough not using some arms by end",2,"normal",14,10,,,
"Upper Body","29 Jan 2026, 18:10","29 Jan 2026, 18:48","","Lat Pulldown (Cable)",,"Tough to get bar to chest\nGrip palms away\nTough on bicep hard to isolate back",0,"normal",20,8,,,
"Upper Body","29 Jan 2026, 18:10","29 Jan 2026, 18:48","","Lat Pulldown (Cable)",,"Tough to get bar to chest\nGrip palms away\nTough on bicep hard to isolate back",1,"normal",20,8,,,
"Upper Body","29 Jan 2026, 18:10","29 Jan 2026, 18:48","","Lat Pulldown (Cable)",,"Tough to get bar to chest\nGrip palms away\nTough on bicep hard to isolate back",2,"normal",20,8,,,
"Upper Body","29 Jan 2026, 18:10","29 Jan 2026, 18:48","","Shoulder Press (Dumbbell)",,"",0,"normal",12,9,,,
"Upper Body","29 Jan 2026, 18:10","29 Jan 2026, 18:48","","Shoulder Press (Dumbbell)",,"",1,"normal",12,7,,,
"Upper Body","29 Jan 2026, 18:10","29 Jan 2026, 18:48","","Triceps Pushdown",,"",0,"normal",15,10,,,
"Upper Body","29 Jan 2026, 18:10","29 Jan 2026, 18:48","","Triceps Pushdown",,"",1,"normal",15,10,,,
"Upper Body","29 Jan 2026, 18:10","29 Jan 2026, 18:48","","Triceps Pushdown",,"",2,"normal",15,10,,,
"Upper Body","29 Jan 2026, 18:10","29 Jan 2026, 18:48","","Bicep Curl (Barbell)",,"",0,"normal",12.5,10,,,
"Upper Body","29 Jan 2026, 18:10","29 Jan 2026, 18:48","","Bicep Curl (Barbell)",,"",1,"normal",12.5,10,,,
"Upper Body","29 Jan 2026, 18:10","29 Jan 2026, 18:48","","Bicep Curl (Barbell)",,"",2,"normal",12.5,10,,,